Model,Best Parameters,Best Score,Mean Absolute Error,Mean Squared Error,Root Mean Squared Error,R-squared
Linear Regression,"{'copy_X': True, 'fit_intercept': True}",0.5140886498719076,2.5184548287247863,10.608836565080564,3.257120901207163,0.5848316409002614
Random Forest Regressor,"{'max_depth': None, 'min_samples_leaf': 1, 'min_samples_split': 2, 'n_estimators': 200}",0.7261063874486864,2.5541185013926713,10.536703988485456,3.246028956815613,0.5876544917641535
Gradient Boosting Regressor,"{'learning_rate': 0.2, 'max_depth': 5, 'n_estimators': 200}",0.7612819379729595,2.649160119798654,11.361434280265975,3.370672674744015,0.5553793294654528
Support Vector Regressor,"{'C': 10, 'epsilon': 0.5, 'kernel': 'rbf'}",0.5027758188428492,2.6810031953375417,11.98222854575619,3.4615355762661446,0.531085040929569
Ridge Regression,{'alpha': 0.1},0.5140886493108627,2.518455634853831,10.6088405415355,3.2571215116319348,0.5848314852848685
Lasso Regression,{'alpha': 0.1},0.5127778092902199,2.5182275662776537,10.508564472266112,3.241691606594636,0.588755709291917
MLP Regressor,"{'activation': 'tanh', 'alpha': 0.01, 'hidden_layer_sizes': (50, 50)}",0.5956256056564679,2.8559744599479617,12.976947559835617,3.6023530587430788,0.49215750553893123
