Model,Best Parameters,Best Score,Mean Absolute Error,Mean Squared Error,Root Mean Squared Error,R-squared
Linear Regression,"{'copy_X': True, 'fit_intercept': True}",0.5140886498719076,2.5184548287247863,10.608836565080564,3.257120901207163,0.5848316409002614
Random Forest Regressor,"{'max_depth': 30, 'min_samples_leaf': 1, 'min_samples_split': 2, 'n_estimators': 200}",0.7258529509396178,2.5360299920248246,10.384160454348716,3.222446346232737,0.5936241613287957
Gradient Boosting Regressor,"{'learning_rate': 0.2, 'max_depth': 5, 'n_estimators': 200}",0.7612819379729595,2.6856686526798663,11.57489907783071,3.4021903353326235,0.5470255548374018
Support Vector Regressor,"{'C': 10, 'epsilon': 0.5, 'kernel': 'rbf'}",0.5027758188428492,2.6810031953375417,11.98222854575619,3.4615355762661446,0.531085040929569
Ridge Regression,{'alpha': 0.1},0.5140886493108627,2.518455634853831,10.6088405415355,3.2571215116319348,0.5848314852848685
Lasso Regression,{'alpha': 0.1},0.5127778092902199,2.5182275662776537,10.508564472266112,3.241691606594636,0.588755709291917
MLP Regressor,"{'activation': 'tanh', 'alpha': 0.001, 'hidden_layer_sizes': (50, 50)}",0.5939427207525239,2.687717446852029,11.697017772153488,3.4200903163737486,0.5422465371169977
