Model,Scaler,Best Parameters,Best Score,Mean Absolute Error,Mean Squared Error,Root Mean Squared Error,R-squared
Linear Regression,None,"{'copy_X': True, 'fit_intercept': True}",0.6671703361099257,0.9607411018367744,1.2748384353814317,1.1290874347814839,-31.993177817089872
Random Forest Regressor,None,"{'max_depth': 20, 'min_samples_leaf': 1, 'min_samples_split': 2, 'n_estimators': 100}",0.5738455159326548,0.24890476190476193,0.09085195238095244,0.30141657615491624,-1.3512741197183114
Gradient Boosting Regressor,None,"{'learning_rate': 0.2, 'max_depth': 4, 'n_estimators': 200}",0.6671703361099257,0.3440614322309355,0.13926490778688413,0.3731821375506659,-2.6042150430760507
Support Vector Regressor,None,"{'C': 10, 'epsilon': 0.1, 'kernel': 'linear'}",0.6055030666271479,0.6500334101912418,0.629836358068853,0.7936223018973528,-15.300342365514329
Ridge Regression,None,{'alpha': 0.1},0.6516643028219623,0.5433763955853312,0.41918046202032283,0.6474414738185397,-9.848508436089341
MLP Regressor,None,"{'activation': 'tanh', 'alpha': 0.001, 'hidden_layer_sizes': (100,)}",0.6259593225477932,0.30561277532579406,0.14231138124355797,0.37724180739090674,-2.683058634296306
