Model,Best Parameters,Best Score,Mean Absolute Error,Mean Squared Error,Root Mean Squared Error,R-squared
Linear Regression,"{'copy_X': True, 'fit_intercept': True}",0.4698123631215788,2.734331564803438,12.560360922191181,3.544059949012034,0.5127923067037559
Random Forest Regressor,"{'max_depth': 30, 'min_samples_leaf': 4, 'min_samples_split': 5, 'n_estimators': 100}",0.4624700749088809,2.8609073549693345,13.006902074980667,3.606508294040188,0.4954712849305648
Gradient Boosting Regressor,"{'learning_rate': 0.1, 'max_depth': 3, 'n_estimators': 50}",0.457113697602958,2.827462729814978,13.260355209439108,3.6414770642472964,0.48564001353930775
Support Vector Regressor,"{'C': 1, 'epsilon': 0.5, 'kernel': 'linear'}",0.4490409759399491,2.653217654642278,12.888101365379995,3.5900001901643397,0.5000794821030075
Ridge Regression,{'alpha': 10},0.46984232014049143,2.734493560052107,12.561535261864648,3.5442256223136597,0.5127467548818774
Lasso Regression,{'alpha': 0.1},0.4706144284743791,2.734081048112028,12.558141175639307,3.543746770811835,0.5128784091337688
MLP Regressor,"{'activation': 'relu', 'alpha': 0.01, 'hidden_layer_sizes': (50,)}",0.4633560760124862,2.81406286392309,13.18356178813305,3.630917485723553,0.4886187771183663
